model_name,accuracy,precision,recall
RandomForestClassifier,0.9315673289183223,0.945679012345679,0.9770408163265306
HistGradientBoostingClassifier,0.9271523178807947,0.941031941031941,0.9770408163265306
